{  "variants": {    "": [
      { "model": "betterend:block/lucernia_leaves1" }, { "model": "betterend:block/lucernia_leaves1", "y": 90 }, { "model": "betterend:block/lucernia_leaves1", "y": 180 }, { "model": "betterend:block/lucernia_leaves1", "y": 270 },
      { "model": "betterend:block/lucernia_leaves2" }, { "model": "betterend:block/lucernia_leaves2", "y": 90 }, { "model": "betterend:block/lucernia_leaves2", "y": 180 }, { "model": "betterend:block/lucernia_leaves2", "y": 270 },
      { "model": "betterend:block/lucernia_leaves3" }, { "model": "betterend:block/lucernia_leaves3", "y": 90 }, { "model": "betterend:block/lucernia_leaves3", "y": 180 }, { "model": "betterend:block/lucernia_leaves3", "y": 270 },
      { "model": "betterend:block/lucernia_leaves4" }, { "model": "betterend:block/lucernia_leaves4", "y": 90 }, { "model": "betterend:block/lucernia_leaves4", "y": 180 }, { "model": "betterend:block/lucernia_leaves4", "y": 270 },
      { "model": "betterend:block/lucernia_leaves5" }, { "model": "betterend:block/lucernia_leaves5", "y": 90 }, { "model": "betterend:block/lucernia_leaves5", "y": 180 }, { "model": "betterend:block/lucernia_leaves5", "y": 270 },
      { "model": "betterend:block/lucernia_leaves6" }, { "model": "betterend:block/lucernia_leaves6", "y": 90 }, { "model": "betterend:block/lucernia_leaves6", "y": 180 }, { "model": "betterend:block/lucernia_leaves6", "y": 270 },
      { "model": "betterend:block/lucernia_leaves7" }, { "model": "betterend:block/lucernia_leaves7", "y": 90 }, { "model": "betterend:block/lucernia_leaves7", "y": 180 }, { "model": "betterend:block/lucernia_leaves7", "y": 270 },
      { "model": "betterend:block/lucernia_leaves8" }, { "model": "betterend:block/lucernia_leaves8", "y": 90 }, { "model": "betterend:block/lucernia_leaves8", "y": 180 }, { "model": "betterend:block/lucernia_leaves8", "y": 270 }
]}}
